<?xml version="1.0" encoding="UTF-8"?>
<!DOCTYPE codetemplates PUBLIC "-//NetBeans//DTD Editor Code Templates settings 1.0//EN" "http://www.netbeans.org/dtds/EditorCodeTemplates-1_0.dtd">
<codetemplates>
    <codetemplate abbreviation="prsf" xml:space="preserve">
        <code><![CDATA[protected static function ${functionName}($$${param}) {
    ${selection}${cursor}
}]]></code>
    </codetemplate>
    <codetemplate abbreviation="psf" xml:space="preserve">
        <code><![CDATA[public static function ${functionName}($$${param}) {
    ${selection}${cursor}
}]]></code>
    </codetemplate>
</codetemplates>
